instanceid,text,category,label
31887537,Outcomes based on age in the phase III METEOR trial of cabozantinib versus everolimus in patients with advanced renal cell carcinoma.,2020,0
31886693,Values clarification and parental decision making about newborn genomic sequencing.,2020,0
31883418,Avelumab plus axitinib vs sunitinib for advanced renal cell carcinoma: Japanese subgroup analysis from JAVELIN Renal 101.,2020,0
31882508,Reducing Radiation Dermatitis Using a Film-forming Silicone Gel During Breast Radiotherapy: A Pilot Randomized-controlled Trial.,None,0
31881877,The influence of a community intervention on influenza vaccination knowledge and behavior among diabetic patients.,2019,0
31881599,"Results of XPAND II: A Multicenter, Prospective, Continued-Access Clinical Trial Using the AeroForm Tissue Expander for Two-Stage Breast Reconstruction.",2020,0
31880966,Randomized Phase III Study of Continuation Maintenance Bevacizumab With or Without Pemetrexed in Advanced Nonsquamous Non-Small-Cell Lung Cancer: COMPASS (WJOG5610L).,2020,0
31880964,Phase III Study of Adjuvant Ipilimumab (3 or 10 mg/kg) Versus High-Dose Interferon Alfa-2b for Resected High-Risk Melanoma: North American Intergroup E1609.,2020,0
31823654,ENERGIZE: a Phase III study of neoadjuvant chemotherapy alone or with nivolumab with/without linrodostat mesylate for muscle-invasive bladder cancer.,2020,0
31823152,"A randomized, double-blind, comparison of radium-223 and placebo, in combination with abiraterone acetate and prednisolone, in castration-resistant metastatic prostate cancer: subgroup analysis of Japanese patients in the ERA 223 study.",2020,0
31822399,Phase 2 study of the Exportin 1 inhibitor selinexor in patients with recurrent gynecological malignancies.,2020,0
31821591,"Phase 2 study of efgartigimod, a novel FcRn antagonist, in adult patients with primary immune thrombocytopenia.",2020,0
31821109,NSABP B-47/NRG Oncology Phase III Randomized Trial Comparing Adjuvant Chemotherapy With or Without Trastuzumab in High-Risk Invasive Breast Cancer Negative for HER2 by FISH and With IHC 1+ or 2.,2020,0
31821071,,2020,0
31819304,Usage of Probiotics and its Clinical Significance at Surgically Treated Patients Sufferig from Colorectal Carcinoma.,2019,0
31233395,Cost-effectiveness of laparoscopic ileocaecal resection versus infliximab treatment of terminal ileitis in Crohn's disease: the LIR!C Trial.,2019,0
31233220,Multicentre randomized clinical trial of colonic J pouch or straight stapled colorectal reconstruction after low anterior resection for rectal cancer.,2019,0
31232840,A Comparison of Three Dressing Methods for Pilonidal Sinus Surgery Wound Healing.,2019,0
31232076,Prehabilitation in patients undergoing pancreaticoduodenectomy: a randomized controlled trial.,2019,0
31231970,Inter-Relations between Partner-Provided Support and Self-Efficacy: A Dyadic Longitudinal Analysis.,2019,0
31231865,Access and concentrations of atorvastatin in the prostate in men with prostate cancer.,2019,1
31231828,Bortezomib consolidation following autologous transplant in younger and older patients with newly diagnosed multiple myeloma in two phase III trials.,2019,1
31230661,Post-colposcopy Management of ASC-US and LSIL Pap Tests (PALS Trial): Pilot RCT.,2019,1
31229857,Anthracycline could be essential for triple-negative breast cancer: A randomised phase II study by the Kanagawa Breast Oncology Group (KBOG) 1101.,2019,1
31229621,Health coaching to encourage obese adults to enroll in commercially-available weight management programs: The path to health study.,2019,1
31229401,A 1-year randomized trial of deferasirox alone versus deferasirox and deferoxamine combination for the treatment of iron overload in thalassemia major.,2019,1
31229240,Pexidartinib versus placebo for advanced tenosynovial giant cell tumour (ENLIVEN): a randomised phase 3 trial.,2019,1
31229207,Care After Lymphoma (CALy) trial: A phase II pilot pragmatic randomised controlled trial of a nurse-led model of survivorship care.,2019,1
31229205,Prevention of chemotherapy-induced peripheral neuropathy with classical massage in breast cancer patients receiving paclitaxel: An assessor-blinded randomized controlled trial.,2019,1
31229204,The effectiveness of lymphedema self-management in the prevention of breast cancer-related lymphedema and quality of life: A randomized controlled trial.,2019,1
31229200,"Effects of a mouth-opening intervention with remote support on adherence, the maximum interincisal opening, and mandibular function of postoperative oral cancer patients: A randomized clinical trial.",2019,1
31228136,"Quality of Life After Total Mesorectal Excision and Rectal Replacement: Comparing Side-to-End, Colon J-Pouch and Straight Colorectal Reconstruction in a Randomized, Phase III Trial (SAKK 40/04).",2019,1
31228015,Cost-Effectiveness of a Psycho-Educational Intervention Targeting Fear of Cancer Recurrence in People Treated for Early-Stage Melanoma.,2019,1
31227872,Variants in ARID5B gene are associated with the development of acute lymphoblastic leukemia in Mexican children.,2019,1
31227432,Randomized Phase II Trial of Abiraterone Alone or With Dasatinib in Men With Metastatic Castration-resistant Prostate Cancer (mCRPC).,2019,1
31227373,"Ultra-hypofractionated versus conventionally fractionated radiotherapy for prostate cancer: 5-year outcomes of the HYPO-RT-PC randomised, non-inferiority, phase 3 trial.",2019,1
31227287,Metformin decreases bone turnover markers in polycystic ovary syndrome: a post hoc study.,2019,1
31226960,"Robot-assisted esophagectomy (RAE) versus conventional minimally invasive esophagectomy (MIE) for resectable esophageal squamous cell carcinoma: protocol for a multicenter prospective randomized controlled trial (RAMIE trial, robot-assisted minimally invasive Esophagectomy).",2019,1
31226790,Effects of Intermittent Energy Restriction Combined with a Mediterranean Diet on Reducing Visceral Adiposity: A Randomized Active Comparator Pilot Study.,2019,1
31226443,"Prospective, Randomized Control Trial Investigating the Impact of a Physician-Communicated Radiation Therapy Plan Review on Breast Cancer Patient-Reported Satisfaction.",2019,1
31225906,Preoperative PET/CT does not accurately detect extrauterine disease in patients with newly diagnosed high-risk endometrial cancer: A prospective study.,2019,1
31225645,An intervention based on protective factors to improve resilience for breast cancer patients: Study protocol for a randomized controlled trial.,2019,2
31222797,Mode of progression after first line treatment correlates with outcome of chronic lymphocytic leukemia (CLL).,2019,2
31222794,Impact of electrical pulse cut mode during endoscopic papillectomy: Pilot randomized clinical trial.,2020,2
31222771,"Effect of hyperinsulinaemia and insulin resistance on endocrine, metabolic and fertility outcomes in women with polycystic ovary syndrome undergoing ovulation induction.",2019,2
31222392,Pilot randomized trial of an electronic symptom monitoring and reporting intervention for hospitalized adults undergoing hematopoietic stem cell transplantation.,2020,2
31221935,"The Effects of Acupressure on Quality of Life and Dyspnea in Lung Cancer: A Randomized, Controlled Trial.",2020,2
31221620,"MRI versus mammography for breast cancer screening in women with familial risk (FaMRIsc): a multicentre, randomised, controlled trial.",2019,2
31221619,"Epacadostat plus pembrolizumab versus placebo plus pembrolizumab in patients with unresectable or metastatic melanoma (ECHO-301/KEYNOTE-252): a phase 3, randomised, double-blind study.",2019,2
31221547,Prognostic factors in patients with stage II colon cancer: Role of E-selectin gene polymorphisms.,2019,2
31221117,Physical activity change after a promotora-led intervention in low-income Mexican American women residing in South Texas.,2019,2
31221115,Study protocol of a randomized phase III trial of comparing preoperative chemoradiation with preoperative chemotherapy in patients with locally advanced gastric cancer or esophagogastric junction adenocarcinoma: PREACT.,2019,2
31220283,Interval Walking Improves Glycemic Control and Body Composition After Cancer Treatment: A Randomized Controlled Trial.,2019,2
31220256,"Controlling intestinal colonization of high-risk haematology patients with ESBL-producing Enterobacteriaceae: a randomized, placebo-controlled, multicentre, Phase II trial (CLEAR).",2019,2
31220105,"Short-term clinical and immunologic effects of poly-gamma-glutamic acid (??-PGA) in women with cervical intraepithelial neoplasia 1 (CIN 1): A multicenter, randomized, double blind, phase II trial.",2019,2
31219150,"Association Between Single-Nucleotide Polymorphisms in HLA Alleles and Human Immunodeficiency Virus Type 1 Viral Load in Demographically Diverse, Antiretroviral Therapy-Naive Participants From the Strategic Timing of AntiRetroviral Treatment Trial.",2019,2
31219033,The Postopera tive Quality of Life in Children and Adolescents with Craniopharyngioma.,2019,2
31219027,HPV testing compared with routine cytology in cervical screening: long-term follow-up of ARTISTIC RCT.,2019,2
31219000,In Situ Cellular Response Underlying Successful Treatment of Mucosal Leishmaniasis with a Combination of Pentavalent Antimonial and Pentoxifylline.,2019,2
31218770,Randomized phase II trial of survivin 2B peptide vaccination for patients with HLA-A24-positive pancreatic adenocarcinoma.,2019,2
31218477,Randomized controlled trial of high-dose versus standard-dose vitamin D3 for prevention of aromatase inhibitor-induced arthralgia.,2019,2
31217344,Palbociclib with Letrozole in Postmenopausal Women with ER+/HER2- Advanced Breast Cancer: Hematologic Safety Analysis of the Randomized PALOMA-2 Trial.,2019,2
31217318,Survey of the effect of viewing an online e-cigarette advertisement on attitudes towards cigarette and e-cigarette use in adults located in the UK and USA: a cross-sectional study.,2019,3
31217257,A randomized controlled trial with everolimus for IQ and autism in tuberous sclerosis complex.,2019,3
31216852,Prevalence of Anxiety and Depression and Their Impact on the Quality of Life of Cancer Patients Treated with Palliative Antineoplasic Therapy - Results of the PALINT Trial.,2019,3
31216604,Social support as a moderator in the relationship between intrusive thoughts and anxiety among Spanish-speaking Latinas with breast cancer.,2019,3
31216321,The effect of modulated electro-hyperthermia on local disease control in HIV-positive and -negative cervical cancer women in South Africa: Early results from a phase III randomised controlled trial.,2019,3
31216226,Final Overall Survival of a Randomized Trial of Bevacizumab for Primary Treatment of Ovarian Cancer.,2019,3
31216065,Randomized clinical trial of accelerated enhanced recovery after minimally invasive colorectal cancer surgery (RecoverMI trial).,2019,3
31215320,Comparison of case-based learning and traditional method in teaching postgraduate students of medical oncology.,2019,3
31215242,The NAME trial: a direct comparison of classical oral Navelbine versus Metronomic Navelbine in metastatic breast cancer.,2019,3
31213771,Use of lidocaine to prevent postoperative coughing after partial laryngectomy: comparison of three delivery methods.,2019,3
31210529,Efficacy and Safety of Tofogliflozin on 24-h Glucose Profile Based on Continuous Glucose Monitoring: Crossover Study of Sodium-Glucose Cotransporter 2 Inhibitor.,2019,3
31209957,Periprostatic nerve block alone versus combined with perineal pudendal nerve block or intrarectal local anesthesia during transrectal ultrasound-guided prostate biopsy: A prospective randomized controlled trial.,2019,3
31209699,Clinical and Psychological Outcomes of the Use of Vaginal Dilators After Gynaecological Brachytherapy: a Randomized Clinical Trial.,2019,3
31209667,Influence of Molecular Status on Recurrence Site in Patients Treated for a Stage III Colon Cancer: a Post Hoc Analysis of the PETACC-8 Trial.,2019,3
31209657,Bayesian Population Model of the Pharmacokinetics of Venetoclax in Combination with Rituximab in Patients with Relapsed/Refractory Chronic Lymphocytic Leukemia: Results from the Phase III MURANO Study.,2019,3
31209630,Scrambler therapy for chemotherapy neuropathy: a randomized phase II pilot trial.,2020,3
31209595,Anticoagulants and cancer mortality in the Finnish randomized study of screening for prostate cancer.,2019,3
31208191,"Effects of a cancer prevention education program on elementary school students' knowledge, attitude, self-efficacy, and intentions in South Korea.",2019,3
31207232,Guselkumab Efficacy after Withdrawal Is Associated with Suppression of Serum IL-23-Regulated IL-17 and IL-22 in Psoriasis: VOYAGE 2 Study.,2019,3
31206934,Immunohistological analysis of pancreatic carcinoma after vaccination with survivin 2B peptide: Analysis of an autopsy series.,2019,3
31206639,"Explicit prognostic disclosure to Asian women with breast cancer: A randomized, scripted video-vignette study (J-SUPPORT1601).",2019,3
31206591,"Does intraperitoneal ropivacaine reduce postoperative inflammation? A prospective, double-blind, placebo-controlled pilot study.",2019,3
31205087,Downregulation of R-Spondin1 Contributes to Mechanical Stretch-Induced Lung Injury.,2019,3
31204873,A randomised trial comparing two protocols for transrectal prostate repeat biopsy: six lateral posterior plus six anterior cores versus a standard posterior 12-core biopsy.,2019,3
31204604,Family caregivers' perspectives on communication with cancer care providers.,None,3
31204198,Effect of single-dose intravenous tranexamic acid on postoperative nasal bleed in septoplasty.,2019,3
31203203,"Robot-assisted approach to cervical cancer (RACC): an international multi-center, open-label randomized controlled trial.",2019,3
31201877,To What Extent Do the NRS and CRQ Capture Change in Patients' Experience of Breathlessness in Advanced Disease? Findings From a Mixed-Methods Double-Blind Randomized Feasibility Trial.,2019,3
31201564,Cobb angle measurement with a conventional convex echography probe and a smartphone.,2019,0
31201110,Radiotherapy Quality Assurance for the CHHiP Trial: Conventional Versus Hypofractionated High-Dose Intensity-Modulated Radiotherapy in Prostate Cancer.,2019,0
31200830,Effect on quality of life of cisplatin added to single-agent chemotherapy as first-line treatment for elderly patients with advanced non-small cell lung cancer: Joint analysis of MILES-3 and MILES-4 randomised phase 3 trials.,2019,0
31200828,"Selumetinib in patients receiving standard pemetrexed and platinum-based chemotherapy for advanced or metastatic KRAS wildtype or unknown non-squamous non-small cell lung cancer: A randomized, multicenter, phase II study. Canadian Cancer Trials Group (CCTG) IND.219.",2019,0
31200823,Combination of icotinib and chemotherapy as first-line treatment for advanced lung adenocarcinoma in patients with sensitive EGFR mutations: A randomized controlled study.,2019,0
31200819,"The prognostic value of early onset, CT derived loss of muscle and adipose tissue during chemotherapy in metastatic non-small cell lung cancer.",2019,0
31200814,"First-line afatinib for advanced EGFRm+ NSCLC: Analysis of long-term responders in the LUX-Lung 3, 6, and 7 trials.",2019,0
31200321,Prognostic and predictive value of AJCC-8 staging in the phase III EORTC1325/KEYNOTE-054 trial of pembrolizumab vs placebo in resected high-risk stage III melanoma.,2019,0
31199939,Hypothesis awareness as a demand characteristic in laboratory-based eating behaviour research: An experimental study.,2019,0
31199595,Evaluation of EGFR inhibitor-mediated acneiform skin toxicity within the double-blind randomized EVITA trial: A thorough gender-specific analysis using the WoMo score.,2019,0
31199501,"Analysis of KRAS, NRAS, BRAF, PIK3CA and TP53 mutations in a large prospective series of locally advanced rectal cancer patients.",2020,1
31199090,A Phase 3 Randomized Trial of Voxelotor in Sickle Cell Disease.,2019,1
31198066,Randomized Controlled Trial of a 4-Week Mindfulness Intervention among Cancer Survivors Compared to a Breathing Control.,2019,1
31197894,Daylight photodynamic therapy of actinic keratosis without curettage is as effective as with curettage: a randomized clinical trial.,2019,1
31197822,Postoperative complications in relation to overall treatment time in patients with rectal cancer receiving neoadjuvant radiotherapy.,2019,1
31196847,Long-term safety of single-agent ibrutinib in patients with chronic lymphocytic leukemia in 3 pivotal studies.,2019,1
31196501,A prospective pilot study of an elemental nutritional supplement for prevention of oral mucositis during S-1 adjuvant chemotherapy for gastric cancer.,2019,1
31196032,A phase II randomized placebo-controlled double-blind study of salvage radiation therapy plus placebo versus SRT plus enzalutamide with high-risk PSA-recurrent prostate cancer after radical prostatectomy (SALV-ENZA).,2019,1
31195357,"Nivolumab plus ipilimumab versus chemotherapy as first-line treatment in advanced non-small-cell lung cancer with high tumour mutational burden: patient-reported outcomes results from the randomised, open-label, phase III CheckMate 227 trial.",2019,1
31195354,High prevalence of severe hypovitaminosis D in patients with advanced gastric cancer treated with first-line chemotherapy with or without anti-EGFR-directed monoclonal antibody (EXPAND trial) showing no prognostic impact.,2019,1
31194785,Effects of antioxidant-rich foods on altitude-induced oxidative stress and inflammation in elite endurance athletes: A randomized controlled trial.,2019,1
31194613,Erlotinib Versus Gemcitabine Plus Cisplatin as Neoadjuvant Treatment of Stage IIIA-N2 ,2019,1
31192938,"Uni-center, patient-blinded, randomized, 12-month, parallel group, noninferiority study to compare outcomes of 3-row vs 2-row circular staplers for colorectal anastomosis formation after low anterior resection for rectal cancer.",2019,1
31192908,"Efficacy and safety of sustained-release oxycodone compared with immediate-release morphine for pain titration in cancer patients: A multicenter, open-label, randomized controlled trial (SOCIAL).",2019,1
31192682,"Effects of omega-3 fatty acids supplementation on neoadjuvant chemotherapy-induced toxicity in patients with locally advanced breast cancer: a randomized, controlled, double-blinded clinical trial.",2019,1
31192478,"Two-month breathing-based walking improves anxiety, depression, dyspnoea and quality of life in chronic obstructive pulmonary disease: A randomised controlled study.",2019,1
31192355,Long-course preoperative chemoradiation versus 5 ?? 5 Gy and consolidation chemotherapy for clinical T4 and fixed clinical T3 rectal cancer: long-term results of the randomized Polish II study.,2019,1
31190752,Bioequivalence of paclitaxel protein-bound particles in patients with breast cancer: determining total and unbound paclitaxel in plasma by rapid equilibrium dialysis and liquid chromatography-tandem mass spectrometry.,2019,1
31190621,Effects of ,2019,1
31190442,Quality of life in pediatric acute myeloid leukemia: Report from the Children's Oncology Group.,2019,2
31189966,"Incident Hepatocellular Carcinoma Risk in Patients Treated with a Sulfonylurea: A Nationwide, Nested, Case-Control Study.",2019,2
31189618,TELEPRO: Patient-Reported Carcinoid Syndrome Symptom Improvement Following Initiation of Telotristat Ethyl in the Real World.,2019,2
31189338,Randomized controlled trial of supportive care interventions to manage psychological distress and symptoms in Latinas with breast cancer and their informal caregivers.,2020,2
31189035,Adjuvant Chemotherapy plus Radiation for Locally Advanced Endometrial Cancer.,2019,2
31188734,Cardiovascular Morbidity in a Randomized Trial Comparing GnRH Agonist and GnRH Antagonist among Patients with Advanced Prostate Cancer and Preexisting Cardiovascular Disease.,2019,2
31188728,Prostate Transition Zone Fibrosis is Associated with Clinical Progression in the MTOPS Study.,2019,2
31187674,Effects of Luo Han Guo on throat complications associated with tracheal intubation: a randomized controlled trial.,2019,2
31187126,"Effectiveness and Cost of Organized Outreach for Colorectal Cancer Screening: A Randomized, Controlled Trial.",2020,2
31186020,Comparison of two statistical indicators in communicating epidemiological results to the population: a randomized study in a high environmental risk area of Italy.,2019,2
31185917,The effects of epidural anaesthesia and analgesia on T lymphocytes differentiation markers and cytokines in patients after gastric cancer resection.,2019,2
31184792,Effects of cognitive education on the perceived control and symptom distress of lung cancer patients receiving chemotherapy: A randomised controlled trial.,2019,2
31183514,Pharmacokinetic and exposure-response analysis of pertuzumab in patients with HER2-positive metastatic gastric or gastroesophageal junction cancer.,2019,2
31183444,Protocol for a multicentre randomized clinical trial comparing oncological outcomes of D2 ,2019,2
31182139,"Optimal management of HIV- positive??adults at risk for kidney disease in Nigeria (Renal Risk Reduction ""R3"" Trial): protocol and study design.",2019,2
31182077,Randomized controlled trial on Pringle Maneuver to reduce blood loss during stapler hepatectomy - PriMal StHep.,2019,2
31181357,Effect of Vitamin D Supplementation on Postcraniotomy Pain After Brain Tumor Surgery: A Randomized Clinical Trial.,2019,2
31180819,Prospective Multicenter Study on the Prognostic and Predictive Impact of Tumor Budding in Stage II Colon Cancer: Results From the SACURA Trial.,2019,2
31178155,"6 months versus 12 months of adjuvant trastuzumab in early breast cancer (PHARE): final analysis of a multicentre, open-label, phase 3 randomised trial.",2019,3
31178152,6 versus 12 months of adjuvant trastuzumab for HER2-positive early breast cancer (PERSEPHONE): 4-year disease-free survival results of a randomised phase 3 non-inferiority trial.,2019,3
31177994,A self-help diet and physical activity intervention with dietetic support for weight management in men treated for prostate cancer: pilot study of the Prostate Cancer Weight Management (PRO-MAN) randomised controlled trial.,2019,3
31177391,Improving information to caregivers of cancer patients: the Herlev Hospital Empowerment of Relatives through More and Earlier information Supply (HERMES) randomized controlled trial.,2020,3
31177183,"Combined GLP-1, Oxyntomodulin, and Peptide YY Improves Body Weight and Glycemia in Obesity and Prediabetes/Type 2 Diabetes: A Randomized, Single-Blinded, Placebo-Controlled Study.",2019,3
31176205,Postoperative adjuvant IMRT for patients with HCC and portal vein tumor thrombus: An open-label randomized controlled trial.,2019,3
31175874,Prophylactic endoscopic coagulation to prevent delayed post-EMR bleeding in the colorectum: a prospective randomized controlled trial (with videos).,2019,3
31175807,"Low-Fat Dietary Pattern among Postmenopausal Women Influences Long-Term Cancer, Cardiovascular Disease, and Diabetes Outcomes.",2019,3
31175806,Colonic mucosal and exfoliome transcriptomic profiling and fecal microbiome response to a flaxseed lignan extract intervention in humans.,2019,3
31175096,Health-Related Quality of Life Impact from Adding Bevacizumab to Cisplatin-Pemetrexed in Malignant Pleural Mesothelioma in the MAPS IFCT-GFPC-0701 Phase III Trial.,2019,3
31175052,Personalized Decision Making in Early Stage Breast Cancer: Applying Clinical Prediction Models for Anthracycline Cardiotoxicity and Breast Cancer Mortality Demonstrates Substantial Heterogeneity of Benefit-Harm Trade-off.,2019,3
31175001,"Quizartinib versus salvage chemotherapy in relapsed or refractory FLT3-ITD acute myeloid leukaemia (QuANTUM-R): a multicentre, randomised, controlled, open-label, phase 3 trial.",2019,3
31174993,"Adjunctive liraglutide treatment in patients with persistent or recurrent type 2 diabetes after metabolic surgery (GRAVITAS): a randomised, double-blind, placebo-controlled trial.",2019,3
31174535,Online yoga in myeloproliferative neoplasm patients: results of a randomized pilot trial to inform future research.,2019,3
31174236,"Randomized trial of ofatumumab and bendamustine versus ofatumumab, bendamustine, and bortezomib in previously untreated patients with high-risk follicular lymphoma: CALGB 50904 (Alliance).",2019,3
31174224,Endocuff-assisted colonoscopy for surveillance of serrated polyposis syndrome: a multicenter randomized controlled trial.,2019,3
31174172,Variability in triage practices for critically ill cancer patients: A randomized controlled trial.,2019,3
31173645,"Effects of CYP3A inhibitors on the pharmacokinetics of quizartinib, a potent and selective FLT3 inhibitor, and its active metabolite.",2019,3
31173551,Niraparib Maintenance Therapy in Patients With Recurrent Ovarian Cancer After a Partial Response to the Last Platinum-Based Chemotherapy in the ENGOT-OV16/NOVA Trial.,2019,3
31173362,"Overall survival and histology-specific subgroup analyses from a phase 3, randomized controlled study of trabectedin or dacarbazine in patients with advanced liposarcoma or leiomyosarcoma.",2019,3
31173341,Effects of exercise dose and type during breast cancer chemotherapy on longer-term patient-reported outcomes and health-related fitness: A randomized controlled trial.,2020,3
31172407,Iniparib administered weekly or twice-weekly in combination with gemcitabine/carboplatin in patients with metastatic triple-negative breast cancer: a phase II randomized open-label study with pharmacokinetics.,2019,3
31171878,"Dabrafenib, trametinib and pembrolizumab or placebo in BRAF-mutant melanoma.",2019,3
31171508,Evaluation of event-free survival as a robust end point in untreated acute myeloid leukemia (Alliance A151614).,2019,3
31171419,"Bortezomib, thalidomide, and dexamethasone with or without daratumumab before and after autologous stem-cell transplantation for newly diagnosed multiple myeloma (CASSIOPEIA): a randomised, open-label, phase 3 study.",2019,3
31171092,Randomized Trial of Lisinopril Versus??Carvedilol to Prevent Trastuzumab??Cardiotoxicity in Patients??With Breast??Cancer.,2019,3
31171039,Final analyses of OPTiM: a randomized phase III trial of talimogene laherparepvec versus granulocyte-macrophage colony-stimulating factor in unresectable stage III-IV melanoma.,2019,3
31168688,What are the difficulties in conducting randomised controlled trials of thromboprophylaxis in myeloma patients and how can we address these? Lessons from apixaban versus LMWH or aspirin as thromboprophylaxis in newly diagnosed multiple myeloma (TiMM) feasibility clinical trial.,2019,3
31817328,Effect of a School-Based Anxiety Prevention Program among Primary School Children.,2019,3
31815647,Fecal microbiome as determinant of the effect of diet on colorectal cancer risk: comparison of meat-based versus pesco-vegetarian diets (the MeaTIc study).,2019,3
31815582,"Randomized, Phase II Study Prospectively Evaluating Treatment of Metastatic Esophageal, Gastric, or Gastroesophageal Cancer by Gene Expression of ",2020,3
31814152,Recapturing disease response: A phase 2 study of carfilzomib 56?€?mg/m,2020,3
31813636,"Long-term primary results of accelerated partial breast irradiation after breast-conserving surgery for early-stage breast cancer: a randomised, phase 3, equivalence trial.",2019,3
31813635,External beam accelerated partial breast irradiation versus whole breast irradiation after breast conserving surgery in women with ductal carcinoma in situ and node-negative breast cancer (RAPID): a randomised controlled trial.,2019,3
31813295,Fusion imaging techniques and contrast-enhanced ultrasound for thermal ablation of hepatocellular carcinoma - A prospective randomized controlled trial.,2019,3
31812934,The effect of early and systematic integration of palliative care in oncology on quality of life and health care use near the end of life: A randomised controlled trial.,2020,3
31812686,Convergent-Divergent Validity and Correlates of the Day-to-Day Impact of Vaginal Aging Domain Scales in the MsFLASH Vaginal Health Trial.,2020,3
31166680,Five-Year Outcomes with Dabrafenib plus Trametinib in Metastatic Melanoma.,2019,3
31166679,Overall Survival with Ribociclib plus Endocrine Therapy in Breast Cancer.,2019,3
31166038,Effect of home-based music intervention versus ambient music on breast cancer survivors in the community: A feasibility study in Taiwan.,2019,3
31165717,SmokefreeTXT for Homeless Smokers: Pilot Randomized Controlled Trial.,2019,3
31165653,Mindfulness-Oriented Recovery Enhancement Restructures Reward Processing and Promotes Interoceptive Awareness in Overweight Cancer Survivors: Mechanistic Results From a Stage 1 Randomized Controlled Trial.,None,3
31165647,"Influence of Yoga on Cancer-Related Fatigue and on Mediational Relationships Between Changes in Sleep and Cancer-Related Fatigue: A Nationwide, Multicenter Randomized Controlled Trial of Yoga in Cancer Survivors.",None,3
31165374,Sharing in care: engaging care partners in the care and communication of breast cancer patients.,2019,3
31164265,Adjuvant zoledronic acid and letrozole plus ovarian function suppression in premenopausal breast cancer: HOBOE phase 3 randomised trial.,2019,4
31163689,The Effectiveness of Herbal Mixture Supplements with and without Clomiphene Citrate in Comparison to Clomiphene Citrate on Serum Antioxidants and Glycemic Biomarkers in Women with Polycystic Ovary Syndrome Willing to be Pregnant: A Randomized Clinical Trial.,2019,4
31163337,Evaluation of needle biopsy as a potential risk factor for local recurrence of Wilms tumour in the SIOP WT 2001 trial.,2019,4
31163259,"Usability of PCforMe in Patients With Advanced Cancer Referred to Outpatient Palliative Care: Results of a Randomized, Active-Controlled Pilot Trial.",2019,4
31162856,Lung cancer mortality reduction by LDCT screening-Results from the randomized German LUSI trial.,2020,4
31162756,A behavioral cancer pain intervention: A randomized noninferiority trial comparing in-person with videoconference delivery.,2019,4
31161347,"The impact of GDF-15, a biomarker for metformin, on the risk of coronary artery disease, breast and colorectal cancer, and type 2 diabetes and metabolic traits: a Mendelian randomisation study.",2019,4
31160805,Efficacy and safety of periprostatic nerve block combined with perineal subcutaneous anaesthesia and intrarectal lidocaine gel in transrectal ultrasound guided transperineal prostate biopsy: A Prospective Randomised Controlled Trial.,2020,4
31160251,"Identification of the optimal combination dosing schedule of neoadjuvant ipilimumab plus nivolumab in macroscopic stage III melanoma (OpACIN-neo): a multicentre, phase 2, randomised, controlled trial.",2019,4
31160249,"Cediranib in patients with alveolar soft-part sarcoma (CASPS): a double-blind, placebo-controlled, randomised, phase 2 trial.",2019,4
31160237,"Carfilzomib-Dexamethasone Versus Bortezomib-Dexamethasone in Relapsed or Refractory Multiple Myeloma: Updated Overall Survival, Safety, and Subgroups.",2019,4
31160171,Efficacy and Safety of Ribociclib With Letrozole in US Patients Enrolled in the MONALEESA-2 Study.,2019,4
31159765,First-line single-agent regorafenib in frail patients with metastatic colorectal cancer: a pilot phase II study of the Spanish Cooperative Group for the Treatment of Digestive Tumours (TTD).,2019,4
31159752,"Feasibility, acceptability and efficacy of a text message-enhanced clinical exercise rehabilitation intervention for increasing 'whole-of-day' activity in people living with and beyond cancer.",2019,4
31158470,African Americans With Advanced Heart Failure Are More Likely to Die in a Health Care Facility Than at Home or in Hospice: An Analysis From the PAL-HF Trial.,2019,4
31158254,"High prevalence of cervical high-risk human papillomavirus infection mostly covered by Gardasil-9 prophylactic vaccine in adult women living in N'Djamena, Chad.",2019,4
31158087,"Addition of Docetaxel to First-line Long-term Hormone Therapy in Prostate Cancer (STAMPEDE): Modelling to Estimate Long-term Survival, Quality-adjusted Survival, and Cost-effectiveness.",2018,4
31157964,Enzalutamide with Standard First-Line Therapy in Metastatic Prostate Cancer.,2019,4
31157963,Maintenance Olaparib for Germline ,2019,4
31178068,One-bloc percutaneous large biopsy of soft-tissue tumours: feasibility study and possible indications.,2019,2
31178058,PHASER: A platform for clinical translation of FLASH cancer radiotherapy.,2019,2
31178010,FLASH Radiotherapy: The Next Technological Advance in Radiation Therapy?,2019,2
31177992,Total copy number variation as a prognostic factor in adult astrocytoma subtypes.,2019,2
31177991,Enhanced T-lymphocyte infiltration in a desmoid tumor of the thoracic wall in a young woman treated with intratumoral injections of the oncolytic peptide LTX-315: a case report.,2019,2
31177990,"An integrative radiological, histopathological and molecular analysis of pediatric pontine histone-wildtype glioma with MYCN amplification (HGG-MYCN).",2019,2
31177942,The ',2020,2
31177934,Adaptive Imaging Versus Periodic Surveillance for Intrafraction Motion Management During Prostate Cancer Radiotherapy.,None,2
31177931,Advances in Immunotherapy and Periocular Malignancy.,2019,2
31177922,Can the Student Outperform the Master? A Plan Comparison Between Pinnacle Auto-Planning and Eclipse knowledge-Based RapidPlan Following a Prostate-Bed Plan Competition.,None,2
31177919,"Nucleoside dimers analogues with a 1,2,3-triazole linkage: conjugation of floxuridine and thymidine provides novel tools for cancer treatment. Part II.",2019,2
31177918,Beyond EZH2: is the polycomb protein CBX2 an emerging target for anti-cancer therapy?,2019,2
31177915,The use of indwelling pleural catheters for the treatment of malignant pleural effusions.,2019,2
31177911,TGFB1-induced autophagy affects the pattern of pancreatic cancer progression in distinct ways depending on SMAD4 status.,2020,2
31177904,Management of Insomnia and Anxiety in Myasthenia Gravis.,2019,2
31177901,PHB2 (prohibitin 2) promotes PINK1-PRKN/Parkin-dependent mitophagy by the PARL-PGAM5-PINK1 axis.,2020,2
31177880,Urinary incontinence and quality of life in endometrial cancer patients after robotic-assisted laparoscopic hysterectomy with lymph node dissection.,2019,2
31177876,Evaluation of serum M30 and M65 activity in patients with stage-I endometrial cancer.,2019,2
31177874,Rest-activity circadian rhythm in breast cancer survivors at 5 years after the primary diagnosis.,2019,2
31177872,An update on advanced dual-energy CT for head and neck cancer imaging.,2019,2
31177864,A comprehensive and practical approach to the management of idiopathic pulmonary fibrosis.,2019,0
31177855,Value of quantitative and qualitative analyses of serum and urine cell-free DNA as diagnostic tools for bladder cancer: a meta-analysis.,2019,0
31177854,The clinical application of fruquintinib on colorectal cancer.,2019,0
31177852,A review of chimeric antigen receptor T-cells in lymphoma.,2019,0
31177820,Paclitaxel-Coated Balloons and Eluting Stents: Is There a Mortality Risk in Patients With Peripheral Artery Disease?,2019,0
31177792,To the approximate size of the nuclear region occupied by nucleolar bodies during cell differentiation and maturation using the human leukemic granulocytic lineage as a convenient model.,2019,0
31177779,Novel Insights into Gallium's Mechanism of Therapeutic Action: A DFT/PCM Study of the Interaction between Ga,2019,0
31177777,Improvement of Asparagine Ethylenediamines as Anti-malarial ,2019,0
32743417,Malignant melanoma of the male urethra with increased 5-,2019,0
31177641,"Clinical outcomes, ultrastructure and immunohistochemical features of canine high-grade olfactory neuroblastoma.",2019,0
31177634,Therapeutic Plasma Exchange in Tehran Between 2011 and 2014.,2020,0
31177624,Analysis of outcome in dogs that undergo secondary amputation as an end-point for managing complications related to limb salvage surgery for treatment of appendicular osteosarcoma.,2020,0
31177622,Spectral histopathology of the lung: A review of two large studies.,2019,0
31177613,Characterization of P. falciparum dipeptidyl aminopeptidase 3 specificity identifies differences in amino acid preferences between peptide-based substrates and covalent inhibitors.,2019,0
31177611,Bufothionine Promotes Apoptosis via Triggering ER Stress and Synergizes with Temozolomide in Glioblastoma Multiforme Cells.,2019,0
31177609,Tetramer formation by the caspase-activated fragment of the Par-4 tumor suppressor.,2019,0
31177599,Molecular functions and biological roles of long non-coding RNAs in human physiology and disease.,2019,0
31177595,TLL1 variants do not predict hepatocellular carcinoma development in HCV cirrhotic patients treated with direct-acting antivirals.,2019,0
31177593,Metabolic regulation through the endosomal system.,2019,0
31177590,Weighted gene coexpression network analysis reveals hub genes involved in cholangiocarcinoma progression and prognosis.,2019,0
31177576,Association between musk antibody concentrations and the myasthenia gravis composite score in 3 patients: A marker of relapse?,2019,0
31177574,Co-inhibition of BET proteins and PD-L1 as a potential therapy for OSCC through synergistic inhibition of FOXM1 and PD-L1 expressions.,2019,1
31177570,Pre-transplant alpha-fetoprotein is associated with post-transplant hepatocellular carcinoma recurrence mortality.,2019,1
31177568,A case of pedunculated duodenal neuroendocrine tumor.,2019,1
31177563,The sub-classification of type B2 vessels according to the magnifying endoscopic classification of the Japan Esophageal Society.,2020,1
31177562,The role of environmental exposures and the epigenome in health and disease.,2020,1
31177561,Gleason grade patterns in nodal metastasis and corresponding prostatectomy specimens: impact on patient outcome.,2019,1
31177557,The economic burden of oral squamous cell carcinoma in Australia.,2019,1
31177553,Implementation of an NGS-based sequencing and gene fusion panel for clinical screening of patients with suspected hematologic malignancies.,2019,1
31177543,Fibreglass dermatitis in a caravan manufacturer manifesting as prurigo nodularis.,2019,1
31177537,"Phase 1-2 study of vorinostat (SAHA), cladribine and rituximab (SCR) in relapsed B-cell non-Hodgkin lymphoma and previously untreated mantle cell lymphoma.",2019,1
31177529,Tissue-specific production of MicroRNA-155 inhibits melanocortin 5 receptor-dependent suppressor macrophages to promote experimental autoimmune uveitis.,2019,1
31177507,Adjuvant Treatment of Melanoma: Recent Developments and Future Perspectives.,2019,1
31177496,Monocyte-Derived Dendritic Cells as Antigen-Presenting Cells in T-Cell Proliferation and Cytokine Production.,2019,1
31177493,Quantifying Human Innate Cytokine and Chemokine Responses Ex Vivo via Pattern Recognition Receptor Stimulation.,2019,1
31177490,Measurement of Allergen-Specific Inhibitory Antibody Activity.,2019,1
31177479,Effects of Age Among Elderly Cancer Patients on Breakthrough Pain Management with Sublingual Fentanyl Tablets.,2019,1
31177474,N-doped carbon nanodots@UiO-66-NH,2019,1
31177473,"CT gastrography ""wall-carving technique"" of gastric cancer: impact of contrast enhancement based on layer depth.",2019,1
31177467,Comparative Analysis of Blood Plasma Proteome in Patients with Renal Cell Carcinoma.,2019,1
31177462,Hypermethylated Genes of MicroRNA in Ovarian Carcinoma: Metastasis Prediction Marker Systems.,2019,1
31177461,Evaluation of Antitumor Efficiency of High Intensity Radiation ,2019,1
31177458,Ultrastructural Changes in Hepatocellular Carcinoma-29 Cells after Treatment with Lithium Carbonate.,2019,1
31177454,Oncolytic Activity of the Vaccine Strain of Type 3 Poliovirus on the Model of Rat Glioma C6 Cells.,2019,1
31177425,Non-NF2 mutations have a key effect on inhibitory immune checkpoints and tumor pathogenesis in skull base meningiomas.,2019,1
31177413,Arsenic contamination in Kolkata metropolitan city: perspective of transportation of agricultural products from arsenic-endemic areas.,2019,1
31177402,The influence of the coadministration of the p-glycoprotein modulator elacridar on the pharmacokinetics of lapatinib and its distribution in the brain and cerebrospinal fluid.,2020,1
31177401,"CKT0353, a novel microtubule targeting agent, overcomes paclitaxel induced resistance in cancer cells.",2020,1
31177400,Activation of IGF-1R pathway and NPM-ALK G1269A mutation confer resistance to crizotinib treatment in NPM-ALK positive lymphoma.,2020,1
31177399,Novel thiosemicarbazones induce high toxicity in estrogen-receptor-positive breast cancer cells (MCF7) and exacerbate cisplatin effectiveness in triple-negative breast (MDA-MB231) and lung adenocarcinoma (A549) cells.,2020,1
31177396,CNOT3 contributes to cisplatin resistance in lung cancer through inhibiting RIPK3 expression.,2019,1
31177394,Factors associated with severe oral mucositis and candidiasis in patients undergoing radiotherapy for oral and oropharyngeal carcinomas: a retrospective multicenter study of 326 patients.,2020,1
31177393,"Factors impacting on discordance with treatment plan in head and neck cancer patients: a retrospective, population-based cohort study.",2020,1
31177392,"Chemotherapy-induced nausea and vomiting control in pediatric patients receiving ifosfamide plus etoposide: a prospective, observational study.",2020,1
31177390,Clinical and psychometric validation of the BreSAS questionnaire module for symptom assessment among breast cancer survivors.,2020,1
31177389,Do parents of children with cancer want to participate in treatment decision-making?,2020,1
31177386,FOXP3 immunoregulatory gene variants are independent predictors of human papillomavirus infection and cervical cancer precursor lesions.,2019,1
31177376,"JSH practical guidelines for hematological malignancies, 2018: II. Lymphoma-5-diffuse large B-cell lymphoma, not otherwise specified (DLBCL, NOS).",2019,1
31177375,Pharmacotherapy decision-making among patients with breast cancer in Japan: results of an online survey.,2019,1
31177374,A novel nipple-areola complex involvement predictive index for indicating nipple-sparing mastectomy in breast cancer patients.,2019,1
31177362,Sideroflexin 3 is a Mitochondrial Protein Enriched in Neurons.,2019,1
31177356,A new triterpene from the green walnut husks of Juglans mandshurica Maxim.,2019,1
31177355,Suppression of colorectal cancer cell growth by combined treatment of 6-gingerol and ??-tocotrienol via alteration of multiple signalling pathways.,2019,1
31177349,Ulnar nerve entrapment in Guyon's canal caused by a ganglion cyst: two case reports and review of the literature.,2019,1
31177346,DRRNet: Dense Residual Refine Networks for Automatic Brain Tumor Segmentation.,2019,1
31177342,A review of the influence of mammographic density on breast cancer clinical and pathological phenotype.,2019,1
31177329,Comparison of IL-2 vs IL-7/IL-15 for the generation of NY-ESO-1-specific T cells.,2019,1
31177328,An HER2 DNA vaccine with evolution-selected amino acid substitutions reveals a fundamental principle for cancer vaccine formulation in HER2 transgenic mice.,2019,1
31177326,Patient quality of life after vestibular schwannoma removal: possibilities and limits to measuring different domains of patients' wellbeing.,2019,1
31177317,Sarcomatoid carcinomas of the gallbladder: clinicopathologic characteristics.,2019,1
31177316,Prognostic impact of the combination of neutrophil-to-lymphocyte ratio and Glasgow prognostic score in colorectal cancer: a retrospective cohort study.,2019,1
31177307,Urolithin A induces prostate cancer cell death in p53-dependent and in p53-independent manner.,2020,1
31177305,Symptoms and diagnostic delays in bladder cancer with high risk of recurrence: results from a prospective FinnBladder 9 trial.,2020,1
31177299,"Helicobacter pylori (HP) infection alone, but not HP-induced atrophic gastritis, increases the risk of gastric lymphoma: a case-control study in Japan.",2019,1
31177282,Autoimmune hepatitis during preoperative chemotherapy in a patient with thymoma.,2019,1
31177277,Sublobar resection is associated with decreased survival for patients with early stage large-cell neuroendocrine carcinoma of the lung.,2019,1
31177266,Identification of Key Genes and Pathway for Ovarian Neoplasms Using the OVDM1 Cell Line Based on Bioinformatics Analysis.,2019,1
31177263,Monocarboxylate Transporter 4 (MCT4) Overexpression Is Correlated with Poor Prognosis of Osteosarcoma.,2019,1
31177262,The Oncologist's Guide to Synoptic Reporting: A Primer.,2020,1
31177261,Ca2+ Channel Toolkit in Neuroendocrine Tumors.,2020,1
31177230,A Robust and Scalable High-Throughput Compatible Assay for Screening Amyloid-??-Binding Compounds.,2019,1
31177207,Adjuvant drug-assisted bone healing: Part III - Further strategies for local and systemic modulation.,2019,1
31177206,Adjuvant drug-assisted bone healing: Part II - Modulation of angiogenesis.,2019,1
31177205,Adjuvant drug-assisted bone healing: Part I - Modulation of inflammation.,2019,1
31177204,Erratum.,2019,1
31177203,Lycopene Inhibits Smoke-Induced Chronic Obstructive Pulmonary Disease and Lung Carcinogenesis by Modulating Reverse Cholesterol Transport in Ferrets.,2019,1
31177193,Management of a case of orbital lymphangioma presenting in adulthood with negative-pressure aspiration and bleomycin injection.,2019,1
31177192,Thyroid-like low-grade papillary adenocarcinoma of nasopharynx.,2019,1
31177189,International multicentre retrospective cohort study of ocular adnexal marginal zone B-cell lymphoma.,2020,1
31177178,,2019,1
31177176,Early Diagnosis of Cardiotoxicity in Patients Undergoing Chemotherapy for Acute Lymphoblastic Leukemia.,2019,1
31177175,The Significance of Pregnancy-associated Plasma Protein a Serum Concentration in Clear Cell Renal Cell Carcinoma.,2019,1
31177174,The Role of DNA Repair Glycosylase OGG1 in Intrahepatic Cholangiocarcinoma.,2019,1
31177173,Immunohistochemical Biomarkers of Survival in Patients With Adenocarcinoma of the Uterine Cervix Receiving Chemoradiotherapy.,2019,1
31177172,Gastric Emptying Improved Significantly After PRG Compared to Billroth-I Reconstruction: Assessment of Gastric Emptying With a ,2019,1
31177171,Minimally Invasive Circumferential Hiatal Dissection for the Treatment of Adenocarcinoma of the Distal Esophagus and Esophago-gastric Junction: Technical Considerations Combined With Histopathological Outcomes.,2019,1
31177170,Warthin-like Mucoepidermoid Carcinoma of the Parotid Gland: Unusual Morphology and Diagnostic Pitfalls.,2019,1
31177169,Thoracoscopic Oesophagectomy Using Prone Positioning for Oesophageal Cancer With Right Aortic Arch: A Case Report.,2019,1
31177168,Intraoperative Neurological Monitoring During Neck Dissection for Esophageal Cancer With Aberrant Subclavian Artery.,2019,1
31177167,"Primary Extracranial Meningioma of Mastoid in a Patient With History of Skin Squamous Cell Carcinoma, Lung Adenocarcinoma and Prostatic Carcinoma.",2019,1
31177166,Serum Prognostic Factors of Androgen-deprivation Therapy Among Japanese Men With ,2019,1
31177165,Preoperative Neutrophil-Lymphocyte Ratio Is a Predictor of Bowel Obstruction Due to Colorectal Cancer Growth.,2019,1
31177164,Predictive Factors for Elevated Postoperative Carbohydrate Antigen 19-9 Levels in Patients With Resected Pancreatic Cancer.,2019,1
31177163,Multidisciplinary Therapy for Locally Advanced Oesophageal Cancer With Special Reference to Surgical Conversion and Salvage.,2019,1
31177162,Psychosocial Distress in Follow-up Care - Results of a Tablet-based Routine Screening in 202 Patients With Sarcoma.,2019,1
31177161,Clinical Outcomes of Isolated Regional Lymph Node Recurrence in Patients With Malignant Cutaneous Melanoma.,2019,1
31177160,Day Surgery Management of Early Breast Cancer: Feasibility and Psychological Outcomes.,2019,1
31177159,Patterns of End-of-Life Oncologic Care for Stage IV Non-small Cell Lung Cancer in the United States.,2019,1
31177158,Curative and Prophylactic Surgery of Young-onset Colorectal Cancer in Inherited Syndromes: A 15-Year Monocentric Retrospective Experience.,2019,1
31177157,Comprehensive Analysis of Red Blood Cell Distribution Width as a Preoperative Prognostic Predictor in Gastric Cancer.,2019,1
31177156,Intrinsic Prognostic Impact of Tumor-infiltrating Lymphocytes in Systemically Untreated Patients With Early-stage Triple-negative Breast Cancer.,2019,1
31177155,Multiparametric MRI ,2019,1
31177154,Radiotherapy or Chemoradiation in Unresectable Biliary Cancer: A Retrospective Study.,2019,1
31177153,Optimal Timing of Cabazitaxel Introduction for Japanese Patients With Metastatic Castration-resistant Prostate Cancer.,2019,1
31177152,The Link Between Local Recurrence and Distant Metastases in Patients With Rectal Cancer.,2019,1
31177151,Comparison of Response and Outcomes of Drug-eluting Bead Chemoembolization (DEB-TACE) ,2019,1
31177150,An Adult Patient With Rare Primary Intracranial Alveolar Rhabdomyosarcoma.,2019,1
31177149,Usefulness of Hematological Inflammatory Markers in Predicting Severe Side-effects from Induction Chemotherapy in Head and Neck Cancer Patients.,2019,1
31177148,Clinical and Quantitative MRI Perfusion Analysis of Osteoid Osteomas Before and After Microwave Ablation.,2019,1
31177147,Reevaluation of Preoperative Chemoradiotherapy for Clinical T3 Lower Rectal Cancer: A Multicenter Collaborative Retrospective Clinical Study.,2019,1
31177146,Clinical and Biological Significance of PD-L1 Expression Within the Tumor Microenvironment of Oral Squamous Cell Carcinoma.,2019,1
31177145,Prognostic Factors for Post-recurrent Survival in Hepatocellular Carcinoma After Curative Resection.,2019,1
31177144,Prognostic Role of Apelin Receptor Expression in Hepatocellular Carcinoma Treated With Curative Surgical Resection.,2019,1
31177143,Effectiveness of Image-guided Brachytherapy in Patients With Locally Advanced Cervical Squamous Cell Carcinoma Receiving Concurrent Chemoradiotherapy.,2019,1
31177142,Real-Time Fluorescence Vessel Navigation Using Indocyanine Green During Laparoscopic Colorectal Cancer Surgery.,2019,1
31177141,Bullous Lupus Under Nivolumab Treatment for Lung Cancer: A Case Report With Systematic Literature Review.,2019,1
31177140,Brain Metastasis and Renal Cell Carcinoma: Prognostic Scores Assessment in the Era of Targeted Therapies.,2019,1
31177139,Prognostic Factors and Outcomes for Patients With Myxofibrosarcoma: A 13-Year Retrospective Evaluation.,2019,1
31177138,Anastomotic Leakage in Rectal Surgery: Role of the Ghost Ileostomy.,2019,1
31177137,"Influence of Race, Income, Insurance, and Education on the Rate of Breast Reconstruction.",2019,1
31177136,MRI in the Follow-up of Testicular Cancer: Less is More.,2019,1
31177135,Comparison Between Stereotactic and Conventional Radiotherapy for Solitary Lung Tumor After Resection of Lung Cancer.,2019,1
31177134,A Rare Case of Distal Interphalangeal Chondromatosis in the Middle Finger: Case Report With Review of Literature.,2019,1
31177133,Prognostic Value of Quality of Life in Endocrine Therapy for Elderly Patients With Breast Cancer: A Retrospective Study.,2019,1
31177132,Feasibility of Salvage Re-irradiation With Stereotactic Radiotherapy for Recurrent Glioma Using CyberKnife.,2019,1
31177130,Should We Cease to Perform Salvage Hysterectomy After Chemoradiation and Brachytherapy in Locally Advanced Cervical Cancer?,2019,1
31177129,Defining an Intermediate-risk Group for Low-grade Glioma: A National Cancer Database Analysis.,2019,1
31177128,Associations Between Gene Polymorphisms of Vascular Endothelial Growth Factor and Prostate Cancer.,2019,1
31177127,Association of ,2019,1
31177126,Targeted Genomic Sequencing Reveals Novel ,2019,1
31177125,RAW 264.7 Macrophage Polarization by Pancreatic Cancer Cells - A Model for Studying Tumour-promoting Macrophages.,2019,1
31177124,Paraoxonase 1 (PON1) Q192R and L55M Polymorphisms as Potential Predisposition Factors for Chronic Lymphocytic Leukemia.,2019,1
31177123,The Significance of MicroRNA-449a and Its Potential Target HDAC1 in Patients With Colorectal Cancer.,2019,1
31177122,ARID3A Positivity Correlated With Favorable Prognosis in Patients With Residual Rectal Cancer After Neoadjuvant Chemoradiotherapy.,2019,1
31177120,IGFBP1 Is a Predictive Factor for Haematogenous Metastasis in Patients With Gastric Cancer.,2019,1
31177119,The Triple-negative Breast Cancer Cell Line MDA-MB 231 Is Specifically Inhibited by the Ionophore Salinomycin.,2019,1
31177118,IGF-IEc Expression Is Associated With Advanced Differentiated Thyroid Cancer.,2019,1
31177117,Overexpression of Galectin-3 in Chronic Lymphocytic Leukemia Is Associated With 17p Deletion: A Short Report.,2019,1
31177116,Feasibility of a Tungsten Rubber Grid Collimator for Electron Grid Therapy.,2019,1
31177115,Contribution of Caspase-8 Genotypes to Colorectal Cancer Risk in Taiwan.,2019,1
31177114,FOXI1 Immunohistochemistry Differentiates Benign Renal Oncocytoma from Malignant Chromophobe Renal Cell Carcinoma.,2019,1
31177113,Postoperative Inflammation Is an Independent Prognostic Factor in Patients With Thoracic Esophageal Squamous Cell Carcinoma.,2019,1
31177112,CD204-Positive Tumor-associated Macrophages Relate to Malignant Transformation of Colorectal Adenoma.,2019,1
31177111,Long-term Prognostic Impact of Chromosome Abnormalities in Clear Cell Renal Cell Carcinoma.,2019,1
31177110,Regulation of Differentiation of HC11 Mouse Breast Epithelial Cells by the Signal Transducer and Activator of Transcription-3.,2019,1
31177109,Traditional Chinese Medicine (TCM) ,2019,1
31177108,Knockdown of Histone Methyltransferase WHSC1 Induces Apoptosis and Inhibits Cell Proliferation and Tumorigenesis in Salivary Adenoid Cystic Carcinoma.,2019,1
31177107,Radiation-induced Vascular Damage and the Impact on the Treatment Outcome of Stereotactic Body Radiotherapy.,2019,1
31177106,Clinical Significance of Selected Chemokines in Thyroid Cancer.,2019,1
31177105,Clinical Impact of Perioperative Oral/Dental Care on Cancer Surgery Outcomes.,2019,1
31177104,Metastatic Carcinomas of the Adrenal Glands: From Diagnosis to Treatment.,2019,1
31177103,"The Essential Role of DCLK1 in Pathogenesis, Diagnostic Procedures and Prognostic Stratification of Colorectal Cancer.",2019,1
31177102,"The Past, Present and Future of Immunotherapy for Metastatic Renal Cell Carcinoma.",2019,1
31177095,Trophoblast cell surface antigen 2 (Trop-2) phosphorylation by protein kinase C ??/?? (PKC??/??) enhances cell motility.,2019,1
31177074,"Synthesis and anti-tumor efficacy of novel 2, 4-diarylaminopyrimidine derivatives bearing N-(3-pyridinylmethyl) urea moiety as anaplastic lymphoma kinase inhibitors.",2019,3
31177073,"Discovery of 1,2,4-oxadiazole-Containing hydroxamic acid derivatives as histone deacetylase inhibitors potential application in cancer therapy.",2019,3
31177063,Cell intrinsic hallmarks (Frequency and Bioelectrical potential) sensitive nano-carriers for cancer therapy: A lost option in research.,2019,3
31177062,Limonin provokes hepatocellular carcinoma cells with stemness entry into cycle via activating PI3K/Akt signaling.,2019,3
31177057,Association between inflammatory potential of the diet and sleep parameters in sleep apnea patients.,2019,3
31177056,Mediators of cachexia in cancer patients.,2019,3
31177050,A reliable LC-MS/MS method for the quantification of natural amino acids in mouse plasma: Method validation and application to a study on amino acid dynamics during hepatocellular carcinoma progression.,2019,3
31177044,Radiotherapy for node-positive prostate cancer: 2019 Recommendations of the Australian and New Zealand Radiation Oncology Genito-Urinary group.,2019,3
31177043,The prognostic role of 18F-fluorodeoxyglucose PET in head and neck cancer depends on HPV status.,2019,3
31177042,Early biochemical predictors of survival in intermediate and high-risk prostate cancer treated with radiation and androgen deprivation therapy.,2019,3
31177036,"Potential Effect of 1,25 Dihydroxyvitamin D",2019,3
31177032,Identification of adenylate kinase 5 antibodies during routine diagnostics in a tissue-based assay: Three new cases and a review of the literature.,2019,3
31177019,Delicaflavone induces apoptosis via mitochondrial pathway accompanying G2/M cycle arrest and inhibition of MAPK signaling cascades in cervical cancer HeLa cells.,2019,3
31177015,Tp47 induces cell death involving autophagy and mTOR in human microglial HMO6 cells.,2019,3
31177014,Virome and bacteriome: two sides of the same coin.,2019,3
31177010,Spectroscopic and cytotoxicity studies on the combined interaction of (-)-epigallocatechin-3-gallate and anthracycline drugs with human serum albumin.,2019,3
